<?xml version="1.0" encoding="utf-8" standalone="no"?>
<qnx xmlns="http://www.qnx.com/schemas/application/1.0">

<!-- BlackBerry 10 application descriptor file.

    Specifies parameters for identifying, installing, and launching native applications on BlackBerry 10. -->

    <!-- A universally unique application identifier. Must be unique across all BlackBerry 10 applications.
         Using a reverse DNS-style name as the id is recommended. (Eg. com.example.ExampleApplication.) Required. -->
    <id>com.example.bucketlist</id>

    <!-- The name that is displayed in the BlackBerry 10 application installer.
         May have multiple values for each language. See samples or xsd schema file. Optional. -->
    <name>Bucket List</name>

    <!-- A string value of the format <0-999>.<0-999>.<0-999> that represents application version which can be used to check for application upgrade.
         Values can also be 1-part or 2-part. It is not necessary to have a 3-part value.
         An updated version of application must have a versionNumber value higher than the previous version. Required. -->    
    <versionNumber>1.0.0</versionNumber>

    <!-- Fourth digit segment of the package version. First three segments are taken from the
         <versionNumber> element.  Must be an integer from 0 to 2^16-1 -->
    <buildId>1</buildId>

    <!-- Description, displayed in the BlackBerry 10 application installer.
         May have multiple values for each language. See samples or xsd schema file. Optional. -->                 
    <description>The BucketList application</description>

    <!--  Name of author which is used for signing. Must match the developer name of your development certificate. -->
    <author>Example Inc.</author>
    
    <initialWindow>
        <autoOrients>true</autoOrients>
        <systemChrome>none</systemChrome>
        <transparent>false</transparent>
    </initialWindow>
    
    <!--  The category where the application appears. Either core.games or core.media. -->
	<category>core.games</category>

    <configuration id="com.qnx.qcc.toolChain.1033029871" name="Default">
       <platformArchitecture>armle-v7</platformArchitecture>
       <asset path="arm/o.le-v7-g/BucketList" entry="true" type="Qnx/Elf">BucketList</asset>
    </configuration>
    <configuration id="com.qnx.qcc.toolChain.476737918" name="Device-Debug">
       <platformArchitecture>armle-v7</platformArchitecture>
       <asset path="arm/o.le-v7-g/BucketList" entry="true" type="Qnx/Elf">BucketList</asset>
    </configuration>
    <configuration id="com.qnx.qcc.toolChain.451868421" name="Device-Release">
       <platformArchitecture>armle-v7</platformArchitecture>
       <asset path="arm/o.le-v7/BucketList" entry="true" type="Qnx/Elf">BucketList</asset>
    </configuration>
    <configuration id="com.qnx.qcc.toolChain.1630202521" name="Simulator-Debug">
       <platformArchitecture>x86</platformArchitecture>
       <asset path="x86/o-g/BucketList" entry="true" type="Qnx/Elf">BucketList</asset>
    </configuration>
    
    <!--  The icon for the application, which should be 150x150. -->
    <icon>
        <image>icon.png</image>
    </icon>
    
    <!--  The splash screen that will appear when your application is launching. -->
    <splashScreens>
       <image>splash_screen.png</image>
    </splashScreens>

    <!-- Application assets -->
    <!-- <asset path="splash.png">splash.png</asset>-->
    <asset path="icon.png">icon.png</asset>
    <asset path="assets">assets</asset>

    <!-- Locale support -->
    <asset path="translations" dest="qm">
        <include name="*.qm"/>
    </asset>
    <asset path="splash_screen.png">splash_screen.png</asset>
    
    <cascadesTheme>dark</cascadesTheme>
    
    <!-- Request permission to execute native code.  Required for native applications. -->
    <permission system="true">run_native</permission>
    <permission>bbm_connect</permission>
    <env var="LD_LIBRARY_PATH" value="app/native/lib:/usr/lib/qt4/lib"/>

</qnx>
