[
{ "status":"todo","title":"Long press an item to activate context menu, activate multi select and change the status of a number of items."},
{ "status":"todo","title":"Find Gold."},
{ "status":"todo","title":"Tip a cow."},
{ "status":"todo","title":"Go green."},
{ "status":"todo","title":"Be naked for 24 hours in a row."},
{ "status":"todo","title":"Aquire more fish."},
{ "status":"todo","title":"Write a short story."},
{ "status":"todo","title":"Make a short movie."},
{ "status":"todo","title":"Live for more than two months in four different countries."},
{ "status":"todo","title":"Watch a volcano errupt, from a safe distance."},
{ "status":"todo","title":"Go looking for the holy grail."},
{ "status":"todo","title":"Milk a cow."},
{ "status":"todo","title":"Catch fireflies in a jar."},
{ "status":"todo","title":"Watch an entire game of cricket."},
{ "status":"todo","title":"Throw a TV out the window rock'n roll style."},
{ "status":"todo","title":"See the aurora borealis."},
{ "status":"todo","title":"Clone my brain into a computer and hire him to write books."},
{ "status":"todo","title":"Play peekaboo with my grandchildren."},
{ "status":"todo","title":"Getting a book/novel published, for real."},
{ "status":"todo","title":"Take 6 months and learn how to surf (In Australia, while living on the beach, learning to surf is secondary)."},
{ "status":"todo","title":"Have twins."},
{ "status":"todo","title":"Build my own ecological house in the woods, myself, with reclaimed and local material."},
{ "status":"todo","title":"Retire at 50"},
{ "status":"todo","title":"Write a song."},
{ "status":"todo","title":"Chop down a tree."},
{ "status":"todo","title":"Wear long johns."},
{ "status":"todo","title":"Only eat bananas for a week."},
{ "status":"todo","title":"Learn to do a hand stand."},
{ "status":"todo","title":"Dig a pool."},
{ "status":"todo","title":"Relax."},
{ "status":"todo","title":"Grow a beard."},
{ "status":"todo","title":"Drive a monstertruck."},
{ "status":"todo","title":"See Malm�."},
{ "status":"todo","title":"Tape toast to a cat."},
{ "status":"todo","title":"Write to Santa Claus."},
{ "status":"todo","title":"Shoot a movie."},
{ "status":"todo","title":"Change my name."},
{ "status":"todo","title":"Play the tuba."},
{ "status":"todo","title":"Go skydiving."},
{ "status":"todo","title":"Become a veterinarian."},
{ "status":"todo","title":"Learn jiu-jitsu."},
{ "status":"todo","title":"Go deep sea fishing in the Caribbean."},
{ "status":"finished","title":"Wear a kilt."},
{ "status":"finished","title":"Scare a kid into tears."},
{ "status":"finished","title":"Create a Bucket List application."},
{ "status":"finished","title":"Take a naked photo at a monument or attraction."},
{ "status":"chickened","title":"Arrange a fake bachelor party"},
{ "status":"chickened","title":"Visit the dark side of the moon."}
]