<root>	
    <item title="Bukkit, fish,eat" description="get a bukkit, fill it with fish, eat it" />    
    <item title="Aquire bukkit" description="get a bukkit" />
    <item title="bukkit fill" description="fill bukkit with fish" />
    <item title="eat fish" description="eat all fish" />
    <item title="Celebrate" description="jummy fish" />
    <item title="Aquire more fish" description="get moar fish for bukkit" />
    <item title="stuff" description="eat fish until burst" />
    <item title="Lolz" description="eat fish again" />
    <item title="Sonata of love" description="I love my bukkit" />
    <item title="More love" description="bukkit bukkit bukkit" />    
    <item title="PlaceHolder" description="fish fish fish fish bukkit bukkit" />
    <item title="eat some " description="i loav my bukkit" />
   	<item title="Visit to the dark side of the moon."/>
	<item title="Find Gold."/>
	<item title="Watch tv."/>
</root>